Site1_chr;Site1_donor;Site2_chr;Site2_acceptor;Isoform;Exon;Strand
chr18;69344344;chr18;69347279;TCF4-B;3ab-3;+
chr18;69345025;chr18;69347279;TCF4-B;3b-3;+
chr18;69345025;chr18;69349072;TCF4-C;3b-4;+
chr18;69345918;chr18;69347279;TCF4-B;3bc-3;+
chr18;69345939;chr18;69347279;TCF4-B;3c-3;+
chr18;69345939;chr18;69349072;TCF4-C;3c-4;+
chr18;69346365;chr18;69347279;TCF4-B;3d-3;+
chr18;69346365;chr18;69349072;TCF4-C;3d-4;+
chr18;69346717;chr18;69347279;TCF4-B;3e-3;+
chr18;69348400;chr18;69349072;TCF4-C;4aI-4;+
chr18;69348631;chr18;69349072;TCF4-C;4aIII-4;+
chr18;69348883;chr18;69349072;TCF4-C;4bc-4;+
chr18;69349070;chr18;69349070;TCF4-C;4c-4;+
chr18;69349144;chr18;69461862;4-5;4-5;+
chr18;69413707;chr18;69461862;TCF4-Q;5aa-5;+
chr18;69461923;chr18;69465351;5-6;5-6;+
chr18;69465447;chr18;69519965;6-7;6-7;+
chr18;69500998;chr18;69519965;TCF4-D;7aII-7;+
chr18;69516812;chr18;69519965;TCF4-D;7ab1-7;+
chr18;69519363;chr18;69519965;TCF4-D;7ab2-7;+
chr18;69519860;chr18;69519965;TCF4-D;7bI-7;+
chr18;69519963;chr18;69519963;TCF4-D;7bII-7;+
chr18;69520026;chr18;69564034;7-8;7-8-I;+
chr18;69520026;chr18;69564037;7-8;7-8-II;+
chr18;69520026;chr18;69633577;DELTA;7-10;+
chr18;69521485;chr18;69564034;TCF4-D;8a-8-I;+
chr18;69521485;chr18;69564037;TCF4-D;8a-8-II;+
chr18;69521686;chr18;69564034;TCF4-D;8v-8-I;+
chr18;69521686;chr18;69564037;TCF4-D;8v-8-II;+
chr18;69521981;chr18;69564034;TCF4-D;8bII-8-I;+
chr18;69521981;chr18;69564037;TCF4-D;8bII-8-II;+
chr18;69522540;chr18;69564034;TCF4-D;8cII-8-I;+
chr18;69522540;chr18;69564037;TCF4-D;8cII-8-II;+
chr18;69563235;chr18;69564034;TCF4-D;8d-8-I;+
chr18;69563235;chr18;69564037;TCF4-D;8d-8-II;+
chr18;69563365;chr18;69564037;TCF4-D;8e-8-II;+
chr18;69563649;chr18;69564034;TCF4-D;8f-8-I;+
chr18;69564163;chr18;69564635;8-9;8-9;+
chr18;69564684;chr18;69633577;9-10;9-10;+
chr18;69593584;chr18;69633577;TCF4-A;10a-10;+
chr18;69593992;chr18;69633577;TCF4-I;10b-10;+
chr18;69594408;chr18;69633577;TCF4-I;10bcI-10;+
chr18;69608739;chr18;69633577;TCF4-I;10bcII-10;+
chr18;69612672;chr18;69633577;TCF4-H;10c-10;+
chr18;69623570;chr18;69633577;TCF4-I;10d-10;+
chr18;69633682;chr18;69636831;10-11;10-11;+
chr18;69636964;chr18;69642883;11-12;11-12;+
chr18;69643015;chr18;69651222;12-13;12-13;+
chr18;69651289;chr18;69652387;13-14;13-14;+
chr18;69651289;chr18;69652394;13-14;13-14;+
chr18;69652472;chr18;69654961;14-15;14-15-I;+
chr18;69652472;chr18;69654964;14-15;14-15-II;+
chr18;69655037;chr18;69657747;15-16;15-16;+
chr18;69657950;chr18;69675699;16-17;16-17;+
chr18;69675834;chr18;69677967;17-18;17-18;+
chr18;69678117;chr18;69681569;18-19;18-19;+
chr18;69678129;chr18;69681569;18-19;18-19-RSRS;+
chr18;69681798;chr18;69682683;19-20;19-20;+
chr18;69682823;chr18;69683077;20-21;20-21;+
